"Land","Jahr","Label","number","ratio"
"Burgenland",1949,"Wahlberechtigte",17144,NA
"Burgenland",1949,"GültigeStimmen",14802,NA
"Burgenland",1949,"FSG",11435,77.25
"Burgenland",1949,"ÖAAB",2687,18.15
"Burgenland",1949,"GLB",680,4.59
"Burgenland",1954,"Wahlberechtigte",22067,NA
"Burgenland",1954,"FSG",13854,76.82
"Burgenland",1954,"GültigeStimmen",18034,NA
"Burgenland",1954,"ÖAAB",3024,16.77
"Burgenland",1954,"FA",167,0.93
"Burgenland",1954,"GLB",989,5.48
"Burgenland",1959,"FSG",14662,73.38
"Burgenland",1959,"Wahlberechtigte",25084,NA
"Burgenland",1959,"ÖAAB",4659,23.32
"Burgenland",1959,"GültigeStimmen",1998,NA
"Burgenland",1959,"FA",377,1.89
"Burgenland",1959,"GLB",282,1.41
"Burgenland",1964,"FSG",17272,71.05
"Burgenland",1964,"ÖAAB",6593,27.12
"Burgenland",1964,"Wahlberechtigte",29257,NA
"Burgenland",1964,"FA",211,0.87
"Burgenland",1964,"GültigeStimmen",24309,NA
"Burgenland",1964,"GLB",233,0.96
"Burgenland",1969,"FSG",17031,65.29
"Burgenland",1969,"ÖAAB",876,33.58
"Burgenland",1969,"FA",235,0.9
"Burgenland",1969,"Wahlberechtigte",32339,NA
"Burgenland",1969,"GLB",61,0.23
"Burgenland",1969,"GültigeStimmen",26087,NA
"Burgenland",1974,"FSG",20391,61.89
"Burgenland",1974,"ÖAAB",11882,36.07
"Burgenland",1974,"FA",547,1.66
"Burgenland",1974,"GLB",125,0.38
"Burgenland",1974,"Wahlberechtigte",39559,NA
"Burgenland",1974,"GültigeStimmen",32945,NA
"Burgenland",1979,"FSG",22456,63.25
"Burgenland",1979,"ÖAAB",12708,35.8
"Burgenland",1979,"FA",291,0.82
"Burgenland",1979,"GLB",47,0.13
"Burgenland",1979,"Wahlberechtigte",45392,NA
"Burgenland",1984,"FSG",22052,58.91
"Burgenland",1979,"GültigeStimmen",35502,NA
"Burgenland",1984,"ÖAAB",15276,40.81
"Burgenland",1984,"GLB",108,0.29
"Burgenland",1989,"FSG",19511,60.32
"Burgenland",1984,"Wahlberechtigte",46771,NA
"Burgenland",1989,"ÖAAB",11425,35.32
"Burgenland",1984,"GültigeStimmen",37436,NA
"Burgenland",1989,"FA",1245,3.85
"Burgenland",1989,"GLB",165,0.51
"Burgenland",1994,"FSG",16679,58.08
"Burgenland",1989,"Wahlberechtigte",46539,NA
"Burgenland",1994,"ÖAAB",9269,32.27
"Burgenland",1989,"GültigeStimmen",32346,NA
"Burgenland",1994,"FA",2771,9.65
"Burgenland",2000,"FSG",2037,63.96
"Burgenland",2000,"ÖAAB",8519,26.75
"Burgenland",2000,"FA",2248,7.06
"Burgenland",1994,"Wahlberechtigte",63923,NA
"Burgenland",2000,"AUGE/UG",709,2.23
"Burgenland",1994,"AbgegebeneStimmen",30126,NA
"Burgenland",1994,"UngültigeStimmen",1407,NA
"Burgenland",2004,"FSG",27591,71.31
"Burgenland",1994,"GültigeStimmen",28719,NA
"Burgenland",2004,"ÖAAB",8781,22.7
"Burgenland",2004,"FA",1265,3.27
"Burgenland",2004,"AUGE/UG",1054,2.72
"Burgenland",2000,"Wahlberechtigte",61506,NA
"Burgenland",2009,"FSG",2589,70.44
"Burgenland",2000,"AbgegebeneStimmen",32531,NA
"Burgenland",2009,"ÖAAB",807,21.96
"Burgenland",2000,"UngültigeStimmen",685,NA
"Burgenland",2009,"FA",206,5.6
"Burgenland",2000,"GültigeStimmen",31846,NA
"Burgenland",2009,"AUGE/UG",737,2.01
"Burgenland",2014,"FSG",24435,72.15
"Burgenland",2014,"ÖAAB",5699,16.83
"Burgenland",2014,"FA",2375,7.01
"Burgenland",2004,"Wahlberechtigte",68472,NA
"Burgenland",2014,"AUGE/UG",1051,3.1
"Burgenland",2004,"AbgegebeneStimmen",39408,NA
"Burgenland",2014,"GLB",309,0.91
"Burgenland",2004,"UngültigeStimmen",717,NA
"Burgenland",2004,"GültigeStimmen",38691,NA
"Burgenland",2019,"FSG",24345,71.85
"Burgenland",2019,"ÖAAB",6064,17.9
"Burgenland",2019,"FA",2581,7.62
"Burgenland",2019,"AUGE/UG",895,2.64
"Burgenland",2009,"Wahlberechtigte",74795,NA
"Kärnten",1949,"FSG",31706,63.01
"Burgenland",2009,"AbgegebeneStimmen",3745,NA
"Kärnten",1949,"ÖAAB",5402,10.74
"Burgenland",2009,"UngültigeStimmen",693,NA
"Kärnten",1949,"FA",10015,19.9
"Burgenland",2009,"GültigeStimmen",36757,NA
"Kärnten",1949,"GLB",3198,6.36
"Kärnten",1954,"FSG",35666,71.55
"Kärnten",1954,"ÖAAB",6457,12.95
"Kärnten",1954,"FA",184,3.69
"Burgenland",2014,"Wahlberechtigte",78128,NA
"Kärnten",1954,"GLB",2775,5.57
"Burgenland",2014,"AbgegebeneStimmen",34659,NA
"Burgenland",2014,"UngültigeStimmen",790,NA
"Kärnten",1959,"FSG",38672,69.19
"Burgenland",2014,"GültigeStimmen",33869,NA
"Kärnten",1959,"ÖAAB",7882,14.1
"Kärnten",1959,"FA",4019,7.19
"Kärnten",1959,"GLB",3361,6.01
"Kärnten",1964,"FSG",39854,67.74
"Kärnten",1964,"ÖAAB",9777,16.62
"Burgenland",2019,"Wahlberechtigte",8163,NA
"Kärnten",1964,"FA",3944,6.7
"Burgenland",2019,"AbgegebeneStimmen",34414,NA
"Kärnten",1964,"GLB",3467,5.89
"Burgenland",2019,"UngültigeStimmen",529,NA
"Burgenland",2019,"GültigeStimmen",33885,NA
"Kärnten",1969,"FSG",44646,68.22
"Kärnten",1969,"ÖAAB",13144,20.09
"Kärnten",1969,"FA",5534,8.46
"Kärnten",1969,"GLB",1267,1.94
"Kärnten",1949,"Wahlberechtigte",68433,NA
"Kärnten",1974,"FSG",47648,63.15
"Kärnten",1949,"GültigeStimmen",50321,NA
"Kärnten",1974,"ÖAAB",18463,24.47
"Kärnten",1974,"FA",6967,9.23
"Kärnten",1974,"GLB",2379,3.15
"Kärnten",1979,"FSG",48908,68.2
"Kärnten",1954,"Wahlberechtigte",77157,NA
"Kärnten",1979,"ÖAAB",17436,24.31
"Kärnten",1954,"GültigeStimmen",49845,NA
"Kärnten",1979,"FA",4332,6.04
"Kärnten",1979,"GLB",104,1.45
"Kärnten",1984,"FSG",50992,63.55
"Kärnten",1984,"ÖAAB",21277,26.52
"Kärnten",1959,"Wahlberechtigte",95827,NA
"Kärnten",1984,"FA",5208,6.49
"Kärnten",1959,"GültigeStimmen",55889,NA
"Kärnten",1984,"GLB",1042,1.3
"Kärnten",1989,"FSG",4622,65.86
"Kärnten",1989,"ÖAAB",10153,14.47
"Kärnten",1989,"FA",13061,18.61
"Kärnten",1964,"Wahlberechtigte",93382,NA
"Kärnten",1989,"GLB",740,1.05
"Kärnten",1964,"GültigeStimmen",58834,NA
"Kärnten",1994,"FSG",33731,62.98
"Kärnten",1994,"ÖAAB",6206,11.59
"Kärnten",1994,"FA",11171,20.86
"Kärnten",1994,"GLB",431,0.8
"Kärnten",1969,"Wahlberechtigte",98996,NA
"Kärnten",1969,"GültigeStimmen",6544,NA
"Kärnten",2000,"FSG",45411,66.42
"Kärnten",2000,"ÖAAB",9212,13.47
"Kärnten",2000,"FA",13018,19.04
"Kärnten",2000,"GLB",731,1.07
"Kärnten",1974,"Wahlberechtigte",115321,NA
"Kärnten",2004,"FSG",50919,71.97
"Kärnten",1974,"GültigeStimmen",75457,NA
"Kärnten",2004,"ÖAAB",5885,8.32
"Kärnten",2004,"FA",11442,16.17
"Kärnten",2004,"AUGE/UG",2247,3.18
"Kärnten",2004,"GLB",260,0.37
"Kärnten",1979,"Wahlberechtigte",113317,NA
"Kärnten",2009,"FSG",45331,66.75
"Kärnten",1979,"GültigeStimmen",71716,NA
"Kärnten",2009,"ÖAAB",4473,6.59
"Kärnten",2009,"FA",1851,2.73
"Kärnten",2009,"AUGE/UG",2318,3.41
"Kärnten",2009,"GLB",329,0.48
"Kärnten",1984,"Wahlberechtigte",123211,NA
"Kärnten",2014,"FSG",49105,76.9
"Kärnten",1984,"GültigeStimmen",8024,NA
"Kärnten",2014,"ÖAAB",3312,5.19
"Kärnten",2014,"FA",543,8.5
"Kärnten",2014,"AUGE/UG",3484,5.46
"Kärnten",1989,"Wahlberechtigte",124297,NA
"Kärnten",2019,"FSG",50419,77.58
"Kärnten",1989,"GültigeStimmen",70174,NA
"Kärnten",2019,"ÖAAB",3737,5.75
"Kärnten",2019,"FA",8544,13.15
"Kärnten",2019,"AUGE/UG",1668,2.57
"Kärnten",2019,"GLB",622,0.96
"Kärnten",1994,"Wahlberechtigte",166042,NA
"Niederösterreich",1949,"FSG",10932,71.28
"Kärnten",1994,"AbgegebeneStimmen",56476,NA
"Niederösterreich",1949,"ÖAAB",22675,14.78
"Kärnten",1994,"UngültigeStimmen",2919,NA
"Niederösterreich",1949,"GLB",21375,13.94
"Kärnten",1994,"GültigeStimmen",53557,NA
"Niederösterreich",1954,"FSG",111359,70.32
"Niederösterreich",1954,"ÖAAB",20998,13.26
"Niederösterreich",1954,"FA",557,0.35
"Niederösterreich",1954,"GLB",24608,15.54
"Kärnten",2000,"Wahlberechtigte",140322,NA
"Kärnten",2000,"AbgegebeneStimmen",70051,NA
"Niederösterreich",1959,"FSG",121638,72.15
"Kärnten",2000,"UngültigeStimmen",1679,NA
"Niederösterreich",1959,"ÖAAB",31049,18.42
"Kärnten",2000,"GültigeStimmen",68372,NA
"Niederösterreich",1959,"FA",2068,1.23
"Niederösterreich",1959,"GLB",12735,7.55
"Niederösterreich",1964,"FSG",131262,70.7
"Niederösterreich",1964,"ÖAAB",40063,21.58
"Kärnten",2004,"Wahlberechtigte",139957,NA
"Niederösterreich",1964,"FA",15,0.81
"Kärnten",2004,"AbgegebeneStimmen",72047,NA
"Niederösterreich",1964,"GLB",12845,6.92
"Kärnten",2004,"UngültigeStimmen",1294,NA
"Kärnten",2004,"GültigeStimmen",70753,NA
"Niederösterreich",1969,"FSG",131316,69.85
"Niederösterreich",1969,"ÖAAB",48608,25.85
"Niederösterreich",1969,"FA",3185,1.69
"Niederösterreich",1969,"GLB",4899,2.61
"Niederösterreich",1974,"FSG",14443,64.91
"Kärnten",2009,"Wahlberechtigte",155336,NA
"Niederösterreich",1974,"ÖAAB",67379,30.28
"Kärnten",2009,"AbgegebeneStimmen",68901,NA
"Niederösterreich",1974,"FA",4535,2.04
"Kärnten",2009,"UngültigeStimmen",989,NA
"Niederösterreich",1974,"GLB",6172,2.77
"Kärnten",2009,"GültigeStimmen",67912,NA
"Niederösterreich",1979,"FSG",137444,64.29
"Niederösterreich",1979,"ÖAAB",70035,32.76
"Niederösterreich",1979,"FA",2704,1.26
"Niederösterreich",1979,"AUGE/UG",788,0.37
"Niederösterreich",1979,"GLB",2827,1.32
"Kärnten",2014,"Wahlberechtigte",159551,NA
"Kärnten",2014,"AbgegebeneStimmen",65137,NA
"Niederösterreich",1984,"FSG",130176,58.74
"Kärnten",2014,"UngültigeStimmen",1278,NA
"Niederösterreich",1984,"ÖAAB",84925,38.32
"Kärnten",2014,"GültigeStimmen",63859,NA
"Niederösterreich",1984,"FA",2138,0.96
"Niederösterreich",1984,"AUGE/UG",1391,0.63
"Niederösterreich",1984,"GLB",2996,1.35
"Niederösterreich",1989,"FSG",105886,61.24
"Kärnten",2019,"Wahlberechtigte",170268,NA
"Niederösterreich",1989,"ÖAAB",53666,31.04
"Kärnten",2019,"AbgegebeneStimmen",66066,NA
"Niederösterreich",1989,"FA",8785,5.08
"Kärnten",2019,"UngültigeStimmen",1076,NA
"Niederösterreich",1989,"AUGE/UG",2044,1.18
"Kärnten",2019,"GültigeStimmen",6499,NA
"Niederösterreich",1989,"GLB",2523,1.46
"Niederösterreich",1994,"FSG",75945,56.37
"Niederösterreich",1994,"ÖAAB",3902,28.96
"Niederösterreich",1994,"FA",13982,10.38
"Niederösterreich",1994,"AUGE/UG",1695,1.26
"Niederösterreich",1949,"Wahlberechtigte",183731,NA
"Niederösterreich",1994,"GLB",1421,1.05
"Niederösterreich",1949,"GültigeStimmen",15337,NA
"Niederösterreich",2000,"FSG",121526,64.28
"Niederösterreich",2000,"ÖAAB",4439,23.48
"Niederösterreich",2000,"FA",13842,7.32
"Niederösterreich",1954,"Wahlberechtigte",19448,NA
"Niederösterreich",2000,"AUGE/UG",5402,2.86
"Niederösterreich",1954,"GültigeStimmen",15837,NA
"Niederösterreich",2000,"GLB",926,0.49
"Niederösterreich",2004,"FSG",14494,69.17
"Niederösterreich",2004,"ÖAAB",42895,20.47
"Niederösterreich",2004,"FA",6611,3.16
"Niederösterreich",1959,"Wahlberechtigte",231457,NA
"Niederösterreich",2004,"AUGE/UG",5549,2.65
"Niederösterreich",1959,"GültigeStimmen",168598,NA
"Niederösterreich",2004,"GLB",929,0.44
"Niederösterreich",2009,"FSG",11866,60.48
"Niederösterreich",2009,"ÖAAB",46055,23.47
"Niederösterreich",2009,"FA",16608,8.46
"Niederösterreich",1964,"Wahlberechtigte",247512,NA
"Niederösterreich",2009,"AUGE/UG",4164,2.12
"Niederösterreich",1964,"GültigeStimmen",18567,NA
"Niederösterreich",2009,"GLB",1149,0.59
"Niederösterreich",2014,"FSG",101312,58.96
"Niederösterreich",2014,"ÖAAB",39842,23.19
"Niederösterreich",2014,"FA",15844,9.22
"Niederösterreich",1969,"Wahlberechtigte",25738,NA
"Niederösterreich",2014,"AUGE/UG",5607,3.26
"Niederösterreich",1969,"GültigeStimmen",188008,NA
"Niederösterreich",2014,"GLB",701,0.41
"Niederösterreich",2019,"FSG",112508,61.85
"Niederösterreich",2019,"ÖAAB",38393,21.11
"Niederösterreich",2019,"FA",18672,10.27
"Niederösterreich",1974,"Wahlberechtigte",301831,NA
"Niederösterreich",2019,"AUGE/UG",5699,3.13
"Niederösterreich",1974,"GültigeStimmen",222516,NA
"Niederösterreich",2019,"GLB",982,0.54
"Oberösterreich",1949,"FSG",66773,53.52
"Oberösterreich",1949,"ÖAAB",14858,11.91
"Oberösterreich",1949,"FA",3592,28.79
"Niederösterreich",1979,"Wahlberechtigte",306422,NA
"Oberösterreich",1949,"GLB",7206,5.78
"Niederösterreich",1979,"GültigeStimmen",213798,NA
"Oberösterreich",1954,"FSG",10112,69.8
"Oberösterreich",1954,"ÖAAB",23374,16.13
"Oberösterreich",1954,"FA",7717,5.33
"Oberösterreich",1954,"GLB",843,5.82
"Niederösterreich",1984,"Wahlberechtigte",313463,NA
"Oberösterreich",1959,"FSG",106806,67.95
"Niederösterreich",1984,"GültigeStimmen",221626,NA
"Oberösterreich",1959,"ÖAAB",29586,18.82
"Oberösterreich",1959,"FA",7766,4.94
"Oberösterreich",1959,"GLB",8,5.09
"Oberösterreich",1964,"FSG",112108,63.74
"Oberösterreich",1964,"ÖAAB",40168,22.84
"Niederösterreich",1989,"Wahlberechtigte",321181,NA
"Oberösterreich",1964,"FA",8669,4.93
"Niederösterreich",1989,"GültigeStimmen",172904,NA
"Oberösterreich",1964,"GLB",10846,6.17
"Oberösterreich",1969,"FSG",115091,66.23
"Oberösterreich",1969,"ÖAAB",42484,24.45
"Oberösterreich",1969,"FA",9755,5.61
"Oberösterreich",1969,"GLB",4385,2.52
"Niederösterreich",1994,"Wahlberechtigte",430604,NA
"Niederösterreich",1994,"AbgegebeneStimmen",144258,NA
"Oberösterreich",1974,"FSG",131582,62.37
"Niederösterreich",1994,"UngültigeStimmen",9536,NA
"Oberösterreich",1974,"ÖAAB",61043,28.94
"Niederösterreich",1994,"GültigeStimmen",134722,NA
"Oberösterreich",1974,"FA",12024,5.7
"Oberösterreich",1974,"GLB",4722,2.24
"Oberösterreich",1979,"FSG",140325,65.2
"Oberösterreich",1979,"ÖAAB",62793,29.18
"Oberösterreich",1979,"FA",9819,4.56
"Niederösterreich",2000,"Wahlberechtigte",381435,NA
"Oberösterreich",1979,"GLB",2279,1.06
"Niederösterreich",2000,"AbgegebeneStimmen",193628,NA
"Niederösterreich",2000,"UngültigeStimmen",4578,NA
"Oberösterreich",1984,"FSG",137664,58.81
"Niederösterreich",2000,"GültigeStimmen",18905,NA
"Oberösterreich",1984,"ÖAAB",83012,35.47
"Oberösterreich",1984,"FA",7379,3.15
"Oberösterreich",1984,"AUGE/UG",2454,1.05
"Oberösterreich",1984,"GLB",3554,1.52
"Oberösterreich",1989,"FSG",112538,60.35
"Niederösterreich",2004,"Wahlberechtigte",392871,NA
"Oberösterreich",1989,"ÖAAB",52576,28.2
"Niederösterreich",2004,"AbgegebeneStimmen",214691,NA
"Oberösterreich",1989,"FA",15142,8.12
"Niederösterreich",2004,"UngültigeStimmen",5159,NA
"Oberösterreich",1989,"AUGE/UG",3403,1.82
"Niederösterreich",2004,"GültigeStimmen",209532,NA
"Oberösterreich",1989,"GLB",2808,1.51
"Oberösterreich",1994,"FSG",82997,56.46
"Oberösterreich",1994,"ÖAAB",36326,24.71
"Oberösterreich",1994,"FA",22915,15.59
"Oberösterreich",1994,"AUGE/UG",2626,1.79
"Niederösterreich",2009,"Wahlberechtigte",423423,NA
"Oberösterreich",1994,"GLB",2132,1.45
"Niederösterreich",2009,"AbgegebeneStimmen",201369,NA
"Niederösterreich",2009,"UngültigeStimmen",5169,NA
"Oberösterreich",2000,"FSG",139608,65.96
"Niederösterreich",2009,"GültigeStimmen",1962,NA
"Oberösterreich",2000,"ÖAAB",41055,19.4
"Oberösterreich",2000,"FA",21902,10.35
"Oberösterreich",2000,"AUGE/UG",6845,3.23
"Oberösterreich",2000,"GLB",1528,0.72
"Oberösterreich",2004,"FSG",142724,67.02
"Niederösterreich",2014,"Wahlberechtigte",432428,NA
"Oberösterreich",2004,"ÖAAB",49813,23.39
"Niederösterreich",2014,"AbgegebeneStimmen",176917,NA
"Oberösterreich",2004,"FA",10034,4.71
"Niederösterreich",2014,"UngültigeStimmen",5079,NA
"Oberösterreich",2004,"AUGE/UG",7909,3.71
"Niederösterreich",2014,"GültigeStimmen",171838,NA
"Oberösterreich",2004,"GLB",1345,0.63
"Oberösterreich",2009,"FSG",126023,59.26
"Oberösterreich",2009,"ÖAAB",5398,25.38
"Oberösterreich",2009,"FA",21528,10.12
"Oberösterreich",2009,"AUGE/UG",7981,3.75
"Niederösterreich",2019,"Wahlberechtigte",488839,NA
"Oberösterreich",2009,"GLB",1823,0.86
"Niederösterreich",2019,"AbgegebeneStimmen",185894,NA
"Niederösterreich",2019,"UngültigeStimmen",3996,NA
"Oberösterreich",2014,"FSG",138742,65.5
"Niederösterreich",2019,"GültigeStimmen",181898,NA
"Oberösterreich",2014,"ÖAAB",3619,17.09
"Oberösterreich",2014,"FA",21273,10.04
"Oberösterreich",2014,"AUGE/UG",11299,5.33
"Oberösterreich",2014,"GLB",2158,1.02
"Oberösterreich",2019,"FSG",159369,71.01
"Oberösterreich",1949,"Wahlberechtigte",156257,NA
"Oberösterreich",2019,"ÖAAB",30089,13.41
"Oberösterreich",1949,"GültigeStimmen",124757,NA
"Oberösterreich",2019,"FA",22888,10.2
"Oberösterreich",2019,"AUGE/UG",9473,4.22
"Oberösterreich",2019,"GLB",2603,1.16
"Salzburg",1949,"FSG",21193,54.23
"Oberösterreich",1954,"Wahlberechtigte",184271,NA
"Salzburg",1949,"ÖAAB",5012,12.82
"Oberösterreich",1954,"GültigeStimmen",14488,NA
"Salzburg",1949,"FA",10685,27.34
"Salzburg",1949,"GLB",2191,5.61
"Salzburg",1954,"FSG",25096,61.96
"Salzburg",1954,"ÖAAB",7513,18.55
"Oberösterreich",1959,"Wahlberechtigte",215251,NA
"Salzburg",1954,"FA",265,6.54
"Oberösterreich",1959,"GültigeStimmen",157186,NA
"Salzburg",1954,"GLB",1463,3.61
"Salzburg",1959,"FSG",28955,61.63
"Salzburg",1959,"ÖAAB",9891,21.05
"Salzburg",1959,"FA",5847,12.44
"Oberösterreich",1964,"Wahlberechtigte",245296,NA
"Salzburg",1959,"GLB",1387,2.95
"Oberösterreich",1964,"GültigeStimmen",175883,NA
"Salzburg",1964,"FSG",32383,60.43
"Salzburg",1964,"ÖAAB",13844,25.83
"Salzburg",1964,"FA",5296,9.88
"Salzburg",1964,"GLB",1684,3.14
"Oberösterreich",1969,"Wahlberechtigte",255417,NA
"Oberösterreich",1969,"GültigeStimmen",173777,NA
"Salzburg",1969,"FSG",33996,58.47
"Salzburg",1969,"ÖAAB",14715,25.31
"Salzburg",1969,"FA",8755,15.06
"Salzburg",1969,"GLB",679,1.17
"Oberösterreich",1974,"Wahlberechtigte",310325,NA
"Salzburg",1974,"FSG",41033,56.89
"Oberösterreich",1974,"GültigeStimmen",210955,NA
"Salzburg",1974,"ÖAAB",22362,31
"Salzburg",1974,"FA",7803,10.82
"Salzburg",1974,"GLB",934,1.29
"Salzburg",1979,"FSG",40573,58.22
"Oberösterreich",1979,"Wahlberechtigte",326545,NA
"Salzburg",1979,"ÖAAB",22901,32.86
"Oberösterreich",1979,"GültigeStimmen",215216,NA
"Salzburg",1979,"FA",5678,8.15
"Salzburg",1979,"GLB",540,0.77
"Salzburg",1984,"FSG",42814,53.25
"Salzburg",1984,"ÖAAB",3276,40.75
"Oberösterreich",1984,"Wahlberechtigte",341688,NA
"Salzburg",1984,"FA",3877,4.82
"Oberösterreich",1984,"GültigeStimmen",234063,NA
"Salzburg",1984,"AUGE/UG",435,0.54
"Salzburg",1984,"GLB",513,0.64
"Salzburg",1989,"FSG",37011,60.39
"Salzburg",1989,"ÖAAB",16996,27.73
"Salzburg",1989,"FA",5718,9.33
"Oberösterreich",1989,"Wahlberechtigte",349661,NA
"Salzburg",1989,"AUGE/UG",1031,1.68
"Oberösterreich",1989,"GültigeStimmen",186467,NA
"Salzburg",1989,"GLB",530,0.86
"Salzburg",1994,"FSG",31078,57.95
"Salzburg",1994,"ÖAAB",12741,23.76
"Salzburg",1994,"FA",7657,14.28
"Salzburg",1994,"AUGE/UG",1521,2.84
"Oberösterreich",1994,"Wahlberechtigte",452994,NA
"Salzburg",1994,"GLB",268,0.5
"Oberösterreich",1994,"AbgegebeneStimmen",156683,NA
"Oberösterreich",1994,"UngültigeStimmen",9687,NA
"Salzburg",2000,"FSG",43111,59.36
"Oberösterreich",1994,"GültigeStimmen",146996,NA
"Salzburg",2000,"ÖAAB",153,21.07
"Salzburg",2000,"FA",8762,12.06
"Salzburg",2000,"AUGE/UG",3572,4.92
"Salzburg",2000,"GLB",762,1.05
"Salzburg",2004,"FSG",46387,67.44
"Oberösterreich",2000,"Wahlberechtigte",414828,NA
"Salzburg",2004,"ÖAAB",13619,19.8
"Oberösterreich",2000,"AbgegebeneStimmen",215488,NA
"Salzburg",2004,"FA",3054,4.44
"Oberösterreich",2000,"UngültigeStimmen",3831,NA
"Salzburg",2004,"AUGE/UG",3392,4.93
"Oberösterreich",2000,"GültigeStimmen",211657,NA
"Salzburg",2004,"GLB",609,0.89
"Salzburg",2009,"FSG",48531,67.92
"Salzburg",2009,"ÖAAB",11319,15.84
"Salzburg",2009,"FA",5726,8.01
"Salzburg",2009,"AUGE/UG",4026,5.63
"Oberösterreich",2004,"Wahlberechtigte",434987,NA
"Salzburg",2009,"GLB",729,1.02
"Oberösterreich",2004,"AbgegebeneStimmen",217161,NA
"Oberösterreich",2004,"UngültigeStimmen",4216,NA
"Salzburg",2014,"FSG",48215,69.46
"Oberösterreich",2004,"GültigeStimmen",212945,NA
"Salzburg",2014,"ÖAAB",7612,10.97
"Salzburg",2014,"FA",776,11.18
"Salzburg",2014,"AUGE/UG",4865,7.01
"Salzburg",2014,"GLB",967,1.39
"Salzburg",2019,"FSG",46565,64.95
"Oberösterreich",2009,"Wahlberechtigte",491242,NA
"Salzburg",2019,"ÖAAB",10269,14.32
"Oberösterreich",2009,"AbgegebeneStimmen",216668,NA
"Salzburg",2019,"FA",8716,12.16
"Oberösterreich",2009,"UngültigeStimmen",3994,NA
"Salzburg",2019,"AUGE/UG",488,6.81
"Oberösterreich",2009,"GültigeStimmen",212674,NA
"Salzburg",2019,"GLB",1265,1.76
"Steiermark",1949,"FSG",85716,65.4
"Steiermark",1949,"ÖAAB",12349,9.42
"Steiermark",1949,"FA",19198,14.65
"Steiermark",1949,"GLB",13805,10.53
"Oberösterreich",2014,"Wahlberechtigte",51173,NA
"Oberösterreich",2014,"AbgegebeneStimmen",216257,NA
"Steiermark",1954,"FSG",100143,72.43
"Oberösterreich",2014,"UngültigeStimmen",4443,NA
"Steiermark",1954,"ÖAAB",19134,13.84
"Oberösterreich",2014,"GültigeStimmen",211814,NA
"Steiermark",1954,"FA",3738,2.7
"Steiermark",1954,"GLB",11808,8.54
"Steiermark",1959,"FSG",104104,70.74
"Steiermark",1959,"ÖAAB",23664,16.08
"Steiermark",1959,"FA",4837,3.29
"Oberösterreich",2019,"Wahlberechtigte",55659,NA
"Steiermark",1959,"GLB",11554,7.85
"Oberösterreich",2019,"AbgegebeneStimmen",228213,NA
"Oberösterreich",2019,"UngültigeStimmen",3791,NA
"Steiermark",1964,"FSG",108881,71.54
"Oberösterreich",2019,"GültigeStimmen",224422,NA
"Steiermark",1964,"ÖAAB",25814,16.96
"Steiermark",1964,"FA",3889,2.56
"Steiermark",1964,"GLB",11889,7.81
"Steiermark",1969,"FSG",103942,73.18
"Steiermark",1969,"ÖAAB",27308,19.23
"Salzburg",1949,"Wahlberechtigte",5786,NA
"Steiermark",1969,"FA",5814,4.09
"Salzburg",1949,"GültigeStimmen",39081,NA
"Steiermark",1969,"GLB",4978,3.5
"Steiermark",1974,"FSG",116028,68.17
"Steiermark",1974,"ÖAAB",42803,25.15
"Steiermark",1974,"FA",5358,3.15
"Salzburg",1954,"Wahlberechtigte",68573,NA
"Steiermark",1974,"AUGE/UG",268,0.16
"Salzburg",1954,"GültigeStimmen",40501,NA
"Steiermark",1974,"GLB",574,3.37
"Steiermark",1979,"FSG",112839,69.89
"Steiermark",1979,"ÖAAB",42294,26.2
"Steiermark",1979,"FA",3544,2.2
"Salzburg",1959,"Wahlberechtigte",73471,NA
"Steiermark",1979,"AUGE/UG",537,0.33
"Salzburg",1959,"GültigeStimmen",46984,NA
"Steiermark",1979,"GLB",224,1.39
"Steiermark",1984,"FSG",107711,61.88
"Steiermark",1984,"ÖAAB",59336,34.09
"Steiermark",1984,"FA",278,1.6
"Salzburg",1964,"Wahlberechtigte",86034,NA
"Steiermark",1984,"AUGE/UG",1118,0.64
"Salzburg",1964,"GültigeStimmen",53592,NA
"Steiermark",1984,"GLB",3118,1.79
"Steiermark",1989,"FSG",7498,59.52
"Steiermark",1989,"ÖAAB",37978,30.15
"Steiermark",1989,"FA",7772,6.17
"Salzburg",1969,"Wahlberechtigte",9703,NA
"Steiermark",1989,"AUGE/UG",194,1.54
"Salzburg",1969,"GültigeStimmen",58145,NA
"Steiermark",1989,"GLB",3311,2.63
"Steiermark",1994,"FSG",53724,53.78
"Steiermark",1994,"ÖAAB",26915,26.94
"Steiermark",1994,"FA",15287,15.3
"Salzburg",1974,"Wahlberechtigte",125878,NA
"Steiermark",1994,"AUGE/UG",2259,2.26
"Salzburg",1974,"GültigeStimmen",72132,NA
"Steiermark",1994,"GLB",1711,1.71
"Steiermark",2000,"FSG",86231,61.22
"Steiermark",2000,"ÖAAB",36178,25.68
"Steiermark",2000,"FA",12411,8.81
"Salzburg",1979,"Wahlberechtigte",13253,NA
"Steiermark",2000,"AUGE/UG",4504,3.2
"Salzburg",1979,"GültigeStimmen",69692,NA
"Steiermark",2000,"GLB",1536,1.09
"Steiermark",2004,"FSG",100579,69.78
"Steiermark",2004,"ÖAAB",28651,19.88
"Steiermark",2004,"FA",7114,4.94
"Salzburg",1984,"Wahlberechtigte",134839,NA
"Steiermark",2004,"AUGE/UG",508,3.52
"Salzburg",1984,"GültigeStimmen",80399,NA
"Steiermark",2004,"GLB",2317,1.61
"Steiermark",2009,"FSG",93815,65.68
"Steiermark",2009,"ÖAAB",28998,20.3
"Steiermark",2009,"FA",10548,7.38
"Steiermark",2009,"AUGE/UG",5403,3.78
"Salzburg",1989,"Wahlberechtigte",142987,NA
"Steiermark",2009,"GLB",2688,1.88
"Salzburg",1989,"GültigeStimmen",61286,NA
"Steiermark",2014,"FSG",8199,57.74
"Steiermark",2014,"ÖAAB",2422,17.06
"Steiermark",2014,"FA",20608,14.51
"Steiermark",2014,"AUGE/UG",8051,5.67
"Steiermark",2014,"GLB",5858,4.13
"Salzburg",1994,"Wahlberechtigte",181722,NA
"Salzburg",1994,"AbgegebeneStimmen",56885,NA
"Steiermark",2019,"FSG",9627,64.35
"Salzburg",1994,"UngültigeStimmen",3257,NA
"Steiermark",2019,"ÖAAB",21129,14.12
"Salzburg",1994,"GültigeStimmen",53628,NA
"Steiermark",2019,"FA",17333,11.59
"Steiermark",2019,"AUGE/UG",7078,4.73
"Steiermark",2019,"GLB",6752,4.51
"Tirol",1949,"FSG",21006,54.21
"Tirol",1949,"ÖAAB",9792,25.27
"Salzburg",2000,"Wahlberechtigte",164137,NA
"Tirol",1949,"FA",6663,17.19
"Salzburg",2000,"AbgegebeneStimmen",74386,NA
"Tirol",1949,"GLB",1289,3.33
"Salzburg",2000,"UngültigeStimmen",1761,NA
"Salzburg",2000,"GültigeStimmen",72625,NA
"Tirol",1954,"FSG",24892,55.89
"Tirol",1954,"ÖAAB",11893,26.7
"Tirol",1954,"FA",1566,3.52
"Tirol",1954,"GLB",1669,3.75
"Tirol",1959,"FSG",23989,52.93
"Salzburg",2004,"Wahlberechtigte",174304,NA
"Tirol",1959,"ÖAAB",1493,32.94
"Salzburg",2004,"AbgegebeneStimmen",70264,NA
"Tirol",1959,"FA",1832,4.04
"Salzburg",2004,"UngültigeStimmen",1481,NA
"Tirol",1959,"GLB",1646,3.63
"Salzburg",2004,"GültigeStimmen",68783,NA
"Tirol",1964,"FSG",30839,56.1
"Tirol",1964,"ÖAAB",17913,32.59
"Tirol",1964,"FA",2393,4.35
"Tirol",1964,"GLB",1442,2.62
"Salzburg",2009,"Wahlberechtigte",190479,NA
"Tirol",1969,"FSG",30552,57.45
"Salzburg",2009,"AbgegebeneStimmen",72633,NA
"Tirol",1969,"ÖAAB",1739,32.7
"Salzburg",2009,"UngültigeStimmen",118,NA
"Tirol",1969,"FA",3121,5.87
"Salzburg",2009,"GültigeStimmen",71453,NA
"Tirol",1969,"GLB",515,0.97
"Tirol",1974,"FSG",3535,49.13
"Tirol",1974,"ÖAAB",32411,45.05
"Tirol",1974,"FA",3477,4.83
"Tirol",1974,"GLB",714,0.99
"Salzburg",2014,"Wahlberechtigte",201621,NA
"Salzburg",2014,"AbgegebeneStimmen",70855,NA
"Tirol",1979,"FSG",39318,48.72
"Salzburg",2014,"UngültigeStimmen",1436,NA
"Tirol",1979,"ÖAAB",38877,48.18
"Salzburg",2014,"GültigeStimmen",69419,NA
"Tirol",1979,"FA",2258,2.8
"Tirol",1979,"GLB",246,0.3
"Tirol",1984,"FSG",42315,45.34
"Tirol",1984,"ÖAAB",49326,52.85
"Tirol",1984,"FA",1482,1.59
"Salzburg",2019,"Wahlberechtigte",214797,NA
"Tirol",1984,"GLB",211,0.23
"Salzburg",2019,"AbgegebeneStimmen",7275,NA
"Salzburg",2019,"UngültigeStimmen",1055,NA
"Tirol",1989,"FSG",29866,41.79
"Salzburg",2019,"GültigeStimmen",71695,NA
"Tirol",1989,"ÖAAB",34063,47.66
"Tirol",1989,"FA",5793,8.11
"Tirol",1989,"AUGE/UG",929,1.3
"Tirol",1989,"GLB",817,1.14
"Tirol",1994,"FSG",19863,35.63
"Steiermark",1949,"Wahlberechtigte",162689,NA
"Tirol",1994,"ÖAAB",25437,45.63
"Steiermark",1949,"GültigeStimmen",131068,NA
"Tirol",1994,"FA",7337,13.16
"Tirol",1994,"GLB",160,0.29
"Tirol",2000,"FSG",21248,18.47
"Steiermark",1954,"Wahlberechtigte",184834,NA
"Tirol",2000,"ÖAAB",74042,64.35
"Steiermark",1954,"GültigeStimmen",13826,NA
"Tirol",2000,"FA",986,8.57
"Tirol",2000,"AUGE/UG",6174,5.37
"Tirol",2000,"GLB",438,0.38
"Tirol",2004,"FSG",27523,24.31
"Steiermark",1959,"Wahlberechtigte",211808,NA
"Tirol",2004,"ÖAAB",69394,61.3
"Steiermark",1959,"GültigeStimmen",147165,NA
"Tirol",2004,"FA",3518,3.11
"Tirol",2004,"AUGE/UG",7816,6.9
"Tirol",2004,"GLB",769,0.68
"Tirol",2009,"FSG",22624,19.85
"Steiermark",1964,"Wahlberechtigte",231677,NA
"Tirol",2009,"ÖAAB",7183,63.02
"Steiermark",1964,"GültigeStimmen",1522,NA
"Tirol",2009,"FA",6732,5.91
"Tirol",2009,"AUGE/UG",7748,6.8
"Tirol",2009,"GLB",802,0.7
"Tirol",2014,"FSG",18482,18.5
"Steiermark",1969,"Wahlberechtigte",228176,NA
"Tirol",2014,"ÖAAB",6389,63.95
"Steiermark",1969,"GültigeStimmen",142042,NA
"Tirol",2014,"FA",5714,5.72
"Tirol",2014,"AUGE/UG",8027,8.04
"Tirol",2014,"GLB",494,0.49
"Tirol",2019,"FSG",17303,19.71
"Steiermark",1974,"Wahlberechtigte",255823,NA
"Tirol",2019,"ÖAAB",53905,61.39
"Steiermark",1974,"GültigeStimmen",170197,NA
"Tirol",2019,"FA",7591,8.65
"Tirol",2019,"AUGE/UG",6234,7.1
"Tirol",2019,"GLB",111,1.26
"Vorarlberg",1949,"FSG",9313,45.31
"Vorarlberg",1949,"ÖAAB",6083,29.6
"Steiermark",1979,"Wahlberechtigte",266493,NA
"Vorarlberg",1949,"FA",4314,20.99
"Steiermark",1979,"GültigeStimmen",161454,NA
"Vorarlberg",1949,"GLB",844,4.11
"Vorarlberg",1954,"FSG",11982,48.84
"Vorarlberg",1954,"ÖAAB",8335,33.97
"Vorarlberg",1954,"FA",1868,7.61
"Vorarlberg",1954,"GLB",891,3.63
"Steiermark",1984,"Wahlberechtigte",277908,NA
"Steiermark",1984,"GültigeStimmen",174063,NA
"Vorarlberg",1959,"FSG",11047,44.2
"Vorarlberg",1959,"ÖAAB",9969,39.89
"Vorarlberg",1959,"FA",2572,10.29
"Vorarlberg",1959,"GLB",690,2.76
"Vorarlberg",1964,"FSG",15926,46.33
"Steiermark",1989,"Wahlberechtigte",267483,NA
"Vorarlberg",1964,"ÖAAB",13656,39.73
"Steiermark",1989,"GültigeStimmen",125981,NA
"Vorarlberg",1964,"FA",3634,10.57
"Vorarlberg",1964,"GLB",660,1.92
"Vorarlberg",1969,"FSG",14843,45.68
"Vorarlberg",1969,"ÖAAB",12499,38.46
"Vorarlberg",1969,"FA",4134,12.72
"Steiermark",1994,"Wahlberechtigte",359554,NA
"Vorarlberg",1969,"GLB",380,1.17
"Steiermark",1994,"AbgegebeneStimmen",106142,NA
"Steiermark",1994,"UngültigeStimmen",6246,NA
"Vorarlberg",1974,"FSG",19109,37.69
"Steiermark",1994,"GültigeStimmen",99896,NA
"Vorarlberg",1974,"ÖAAB",27453,54.15
"Vorarlberg",1974,"FA",3595,7.09
"Vorarlberg",1974,"GLB",540,1.07
"Vorarlberg",1979,"FSG",16967,30.15
"Vorarlberg",1979,"ÖAAB",36516,64.89
"Steiermark",2000,"Wahlberechtigte",32861,NA
"Vorarlberg",1979,"FA",2508,4.46
"Steiermark",2000,"AbgegebeneStimmen",143002,NA
"Vorarlberg",1979,"GLB",284,0.5
"Steiermark",2000,"UngültigeStimmen",2142,NA
"Steiermark",2000,"GültigeStimmen",14086,NA
"Vorarlberg",1984,"FSG",21665,38.31
"Vorarlberg",1984,"ÖAAB",3192,56.44
"Vorarlberg",1984,"FA",2761,4.88
"Vorarlberg",1984,"GLB",205,0.36
"Vorarlberg",1989,"FSG",17658,37.94
"Steiermark",2004,"Wahlberechtigte",338801,NA
"Vorarlberg",1989,"ÖAAB",24689,53.05
"Steiermark",2004,"AbgegebeneStimmen",14642,NA
"Vorarlberg",1989,"FA",3533,7.59
"Steiermark",2004,"UngültigeStimmen",2279,NA
"Vorarlberg",1989,"GLB",656,1.41
"Steiermark",2004,"GültigeStimmen",144141,NA
"Vorarlberg",1994,"FSG",9118,27.9
"Vorarlberg",1994,"ÖAAB",18359,56.17
"Vorarlberg",1994,"FA",3764,11.52
"Steiermark",2009,"Wahlberechtigte",362732,NA
"Steiermark",2009,"AbgegebeneStimmen",144996,NA
"Steiermark",2009,"UngültigeStimmen",2164,NA
"Steiermark",2009,"GültigeStimmen",142832,NA
"Steiermark",2014,"Wahlberechtigte",377522,NA
"Steiermark",2014,"AbgegebeneStimmen",14469,NA
"Steiermark",2014,"UngültigeStimmen",2688,NA
"Steiermark",2014,"GültigeStimmen",142002,NA
"Steiermark",2019,"Wahlberechtigte",427421,NA
"Steiermark",2019,"AbgegebeneStimmen",151198,NA
"Steiermark",2019,"UngültigeStimmen",1587,NA
"Steiermark",2019,"GültigeStimmen",149611,NA
"Tirol",1949,"Wahlberechtigte",55965,NA
"Tirol",1949,"GültigeStimmen",3875,NA
"Tirol",1954,"Wahlberechtigte",76148,NA
"Tirol",1954,"GültigeStimmen",44538,NA
"Tirol",1959,"Wahlberechtigte",87877,NA
"Tirol",1959,"GültigeStimmen",45319,NA
"Tirol",1964,"Wahlberechtigte",104087,NA
"Tirol",1964,"GültigeStimmen",54972,NA
"Tirol",1969,"Wahlberechtigte",113278,NA
"Tirol",1969,"GültigeStimmen",53182,NA
"Tirol",1974,"Wahlberechtigte",132435,NA
"Tirol",1974,"GültigeStimmen",71952,NA
"Tirol",1979,"Wahlberechtigte",137753,NA
"Tirol",1979,"GültigeStimmen",80699,NA
"Tirol",1984,"Wahlberechtigte",136665,NA
"Tirol",1984,"GültigeStimmen",93334,NA
"Tirol",1989,"Wahlberechtigte",166297,NA
"Tirol",1989,"GültigeStimmen",71468,NA
"Tirol",1994,"Wahlberechtigte",216456,NA
"Tirol",1994,"AbgegebeneStimmen",57741,NA
"Tirol",1994,"UngültigeStimmen",1991,NA
"Tirol",1994,"GültigeStimmen",5575,NA
"Tirol",2000,"Wahlberechtigte",196702,NA
"Tirol",2000,"AbgegebeneStimmen",117475,NA
"Tirol",2000,"UngültigeStimmen",242,NA
"Tirol",2000,"GültigeStimmen",115055,NA
"Tirol",2004,"Wahlberechtigte",207984,NA
"Tirol",2004,"AbgegebeneStimmen",114541,NA
"Tirol",2004,"UngültigeStimmen",1338,NA
"Tirol",2004,"GültigeStimmen",113203,NA
"Tirol",2009,"Wahlberechtigte",219518,NA
"Tirol",2009,"AbgegebeneStimmen",116242,NA
"Tirol",2009,"UngültigeStimmen",2264,NA
"Tirol",2009,"GültigeStimmen",113978,NA
"Tirol",2014,"Wahlberechtigte",246462,NA
"Tirol",2014,"AbgegebeneStimmen",101953,NA
"Tirol",2014,"UngültigeStimmen",2053,NA
"Tirol",2014,"GültigeStimmen",999,NA
"Tirol",2019,"Wahlberechtigte",263454,NA
"Tirol",2019,"AbgegebeneStimmen",88615,NA
"Tirol",2019,"UngültigeStimmen",809,NA
"Tirol",2019,"GültigeStimmen",87806,NA
"Vorarlberg",1949,"Wahlberechtigte",30091,NA
"Vorarlberg",1949,"GültigeStimmen",20554,NA
"Vorarlberg",1954,"Wahlberechtigte",43767,NA
"Vorarlberg",1954,"GültigeStimmen",24534,NA
"Vorarlberg",1959,"Wahlberechtigte",52407,NA
"Vorarlberg",1959,"GültigeStimmen",24994,NA
"Vorarlberg",1964,"Wahlberechtigte",56625,NA
"Vorarlberg",1964,"GültigeStimmen",34372,NA
"Vorarlberg",1969,"Wahlberechtigte",61434,NA
"Vorarlberg",1969,"GültigeStimmen",32495,NA
"Vorarlberg",1974,"Wahlberechtigte",8153,NA
"Vorarlberg",1974,"GültigeStimmen",50698,NA
"Vorarlberg",1979,"Wahlberechtigte",9298,NA
"Vorarlberg",1979,"GültigeStimmen",56275,NA
"Vorarlberg",1984,"Wahlberechtigte",90673,NA
"Vorarlberg",1984,"GültigeStimmen",56551,NA
"Vorarlberg",1989,"Wahlberechtigte",96274,NA
"Vorarlberg",1989,"GültigeStimmen",46536,NA
"Vorarlberg",1994,"Wahlberechtigte",117831,NA
"Vorarlberg",1994,"AbgegebeneStimmen",33566,NA
"Vorarlberg",1994,"UngültigeStimmen",884,NA
"Vorarlberg",1994,"GültigeStimmen",32682,NA
"Vorarlberg",1999,"Wahlberechtigte",102384,NA
"Vorarlberg",1999,"AbgegebeneStimmen",46477,NA
"Vorarlberg",1999,"UngültigeStimmen",1033,NA
"Vorarlberg",1999,"GültigeStimmen",45444,NA
"Vorarlberg",1999,"FSG",7323,16.11
"Vorarlberg",1999,"ÖAAB",27272,60.01
"Vorarlberg",1999,"FA",5788,12.74
"Vorarlberg",1999,"GLB",268,0.59
"Vorarlberg",2004,"Wahlberechtigte",10519,NA
"Vorarlberg",2004,"AbgegebeneStimmen",46353,NA
"Vorarlberg",2004,"UngültigeStimmen",538,NA
"Vorarlberg",2004,"GültigeStimmen",45815,NA
"Vorarlberg",2004,"FSG",16112,35.17
"Vorarlberg",2004,"ÖAAB",21328,46.55
"Vorarlberg",2004,"FA",2867,6.26
"Vorarlberg",2009,"Wahlberechtigte",114597,NA
"Vorarlberg",2009,"AbgegebeneStimmen",47743,NA
"Vorarlberg",2009,"UngültigeStimmen",437,NA
"Vorarlberg",2009,"GültigeStimmen",47306,NA
"Vorarlberg",2009,"FSG",13793,29.16
"Vorarlberg",2009,"ÖAAB",24987,52.82
"Vorarlberg",2009,"FA",2829,5.98
"Vorarlberg",2009,"AUGE/UG",2602,5.5
"Vorarlberg",2009,"GLB",221,0.47
"Vorarlberg",2014,"Wahlberechtigte",121064,NA
"Vorarlberg",2014,"AbgegebeneStimmen",4406,NA
"Vorarlberg",2014,"UngültigeStimmen",569,NA
"Vorarlberg",2014,"GültigeStimmen",43491,NA
"Vorarlberg",2014,"FSG",11684,26.87
"Vorarlberg",2014,"ÖAAB",22483,51.7
"Vorarlberg",2014,"FA",3613,8.31
"Vorarlberg",2014,"AUGE/UG",2916,6.7
"Vorarlberg",2014,"GLB",412,0.95
"Vorarlberg",2019,"Wahlberechtigte",133885,NA
"Vorarlberg",2019,"AbgegebeneStimmen",496,NA
"Vorarlberg",2019,"UngültigeStimmen",617,NA
"Vorarlberg",2019,"GültigeStimmen",48983,NA
"Vorarlberg",2019,"FSG",14783,30.18
"Vorarlberg",2019,"ÖAAB",23149,47.26
"Vorarlberg",2019,"FA",385,7.86
"Vorarlberg",2019,"AUGE/UG",2958,6.04
"Vorarlberg",2019,"GLB",379,0.77
"Wien",1949,"Wahlberechtigte",38451,NA
"Wien",1949,"GültigeStimmen",333059,NA
"Wien",1949,"FSG",227104,68.19
"Wien",1949,"ÖAAB",50017,15.02
"Wien",1949,"FA",1877,5.64
"Wien",1949,"GLB",37168,11.16
"Wien",1954,"Wahlberechtigte",459677,NA
"Wien",1954,"GültigeStimmen",331447,NA
"Wien",1954,"FSG",228157,68.84
"Wien",1954,"ÖAAB",51201,15.45
"Wien",1954,"FA",3707,1.12
"Wien",1954,"GLB",41412,12.49
"Wien",1959,"Wahlberechtigte",503016,NA
"Wien",1959,"GültigeStimmen",311283,NA
"Wien",1959,"FSG",218937,70.33
"Wien",1959,"ÖAAB",50491,16.22
"Wien",1959,"FA",6685,2.15
"Wien",1959,"GLB",24583,7.9
"Wien",1964,"Wahlberechtigte",567371,NA
"Wien",1964,"GültigeStimmen",312072,NA
"Wien",1964,"FSG",210487,67.45
"Wien",1964,"ÖAAB",56863,18.22
"Wien",1964,"FA",8467,2.71
"Wien",1964,"GLB",26908,8.62
"Wien",1969,"Wahlberechtigte",517157,NA
"Wien",1969,"GültigeStimmen",296908,NA
"Wien",1969,"FSG",213475,71.9
"Wien",1969,"ÖAAB",58808,19.81
"Wien",1969,"FA",10946,3.69
"Wien",1969,"GLB",9196,3.1
"Wien",1974,"Wahlberechtigte",551204,NA
"Wien",1974,"GültigeStimmen",326413,NA
"Wien",1974,"FSG",226003,69.24
"Wien",1974,"ÖAAB",75487,23.13
"Wien",1974,"FA",12985,3.98
"Wien",1974,"AUGE/UG",3114,0.95
"Wien",1974,"GLB",7955,2.44
"Wien",1979,"Wahlberechtigte",548593,NA
"Wien",1979,"GültigeStimmen",298524,NA
"Wien",1979,"FSG",214839,71.97
"Wien",1979,"ÖAAB",68887,23.08
"Wien",1979,"FA",7718,2.59
"Wien",1979,"AUGE/UG",2391,0.8
"Wien",1979,"GLB",4395,1.47
"Wien",1984,"Wahlberechtigte",535329,NA
"Wien",1984,"GültigeStimmen",294135,NA
"Wien",1984,"FSG",190738,64.85
"Wien",1984,"ÖAAB",86919,29.55
"Wien",1984,"FA",5787,1.97
"Wien",1984,"AUGE/UG",5157,1.75
"Wien",1984,"GLB",5534,1.88
"Wien",1989,"Wahlberechtigte",524457,NA
"Wien",1989,"GültigeStimmen",210843,NA
"Wien",1989,"FSG",141251,66.99
"Wien",1989,"ÖAAB",43459,20.61
"Wien",1989,"FA",14297,6.78
"Wien",1989,"AUGE/UG",59,2.8
"Wien",1989,"GLB",5145,2.44
"Wien",1994,"Wahlberechtigte",68604,NA
"Wien",1994,"AbgegebeneStimmen",188927,NA
"Wien",1994,"UngültigeStimmen",10922,NA
"Wien",1994,"GültigeStimmen",178005,NA
"Wien",1994,"FSG",102802,57.75
"Wien",1994,"ÖAAB",30517,17.14
"Wien",1994,"FA",28093,15.78
"Wien",1994,"AUGE/UG",5705,3.2
"Wien",1994,"GLB",2765,1.55
"Wien",2000,"Wahlberechtigte",610596,NA
"Wien",2000,"AbgegebeneStimmen",285442,NA
"Wien",2000,"UngültigeStimmen",5178,NA
"Wien",2000,"GültigeStimmen",280264,NA
"Wien",2000,"FSG",179746,64.13
"Wien",2000,"ÖAAB",46451,16.57
"Wien",2000,"FA",24463,8.73
"Wien",2000,"AUGE/UG",13455,4.8
"Wien",2000,"GLB",2814,1
"Wien",2004,"Wahlberechtigte",605943,NA
"Wien",2004,"AbgegebeneStimmen",283603,NA
"Wien",2004,"UngültigeStimmen",4746,NA
"Wien",2004,"GültigeStimmen",278857,NA
"Wien",2004,"FSG",193241,69.3
"Wien",2004,"ÖAAB",40274,14.44
"Wien",2004,"FA",12012,4.31
"Wien",2004,"AUGE/UG",1589,5.7
"Wien",2004,"GLB",3016,1.08
"Wien",2009,"Wahlberechtigte",645151,NA
"Wien",2009,"AbgegebeneStimmen",267431,NA
"Wien",2009,"UngültigeStimmen",4875,NA
"Wien",2009,"GültigeStimmen",262556,NA
"Wien",2009,"FSG",148079,56.4
"Wien",2009,"ÖAAB",37514,14.29
"Wien",2009,"FA",32375,12.33
"Wien",2009,"AUGE/UG",18941,7.21
"Wien",2009,"GLB",2231,0.85
"Wien",2014,"Wahlberechtigte",680356,NA
"Wien",2014,"AbgegebeneStimmen",2625,NA
"Wien",2014,"UngültigeStimmen",651,NA
"Wien",2014,"GültigeStimmen",25599,NA
"Wien",2014,"FSG",150349,58.73
"Wien",2014,"ÖAAB",26473,10.34
"Wien",2014,"FA",23126,9.03
"Wien",2014,"AUGE/UG",2029,7.93
"Wien",2014,"GLB",3851,1.5
"Wien",2019,"Wahlberechtigte",729386,NA
"Wien",2019,"AbgegebeneStimmen",308488,NA
"Wien",2019,"UngültigeStimmen",6538,NA
"Wien",2019,"GültigeStimmen",30195,NA
"Wien",2019,"FSG",18318,60.67
"Wien",2019,"ÖAAB",29501,9.77
"Wien",2019,"FA",2716,8.99
"Wien",2019,"AUGE/UG",24415,8.09
"Wien",2019,"GLB",3931,1.3
"Gesamt",1949,"Wahlberechtigte",1116680,NA
"Gesamt",1949,"GültigeStimmen",905762,NA
"Gesamt",1949,"FSG",583566,64.43
"Gesamt",1949,"ÖAAB",128875,14.23
"Gesamt",1949,"FA",105565,11.65
"Gesamt",1949,"GLB",87756,9.69
"Gesamt",1954,"Wahlberechtigte",1310974,NA
"Gesamt",1954,"GültigeStimmen",950409,NA
"Gesamt",1954,"FSG",652269,68.63
"Gesamt",1954,"ÖAAB",151929,15.99
"Gesamt",1954,"FA",2381,2.51
"Gesamt",1954,"GLB",94045,9.9
"Gesamt",1959,"Wahlberechtigte",1496198,NA
"Gesamt",1959,"GültigeStimmen",977398,NA
"Gesamt",1959,"FSG",66881,68.43
"Gesamt",1959,"ÖAAB",182121,18.63
"Gesamt",1959,"FA",36003,3.68
"Gesamt",1959,"GLB",64238,6.57
"Gesamt",1964,"Wahlberechtigte",1661241,NA
"Gesamt",1964,"GültigeStimmen",1051904,NA
"Gesamt",1964,"FSG",699012,66.45
"Gesamt",1964,"ÖAAB",224691,21.36
"Gesamt",1964,"FA",38003,3.61
"Gesamt",1964,"GLB",69974,6.65
"Gesamt",1969,"Wahlberechtigte",1661207,NA
"Gesamt",1969,"GültigeStimmen",1036084,NA
"Gesamt",1969,"FSG",704892,68.03
"Gesamt",1969,"ÖAAB",243716,23.52
"Gesamt",1969,"FA",51479,4.97
"Gesamt",1969,"GLB",2636,2.54
"Gesamt",1974,"Wahlberechtigte",1913906,NA
"Gesamt",1974,"GültigeStimmen",1233265,NA
"Gesamt",1974,"FSG",781574,63.37
"Gesamt",1974,"ÖAAB",359283,29.13
"Gesamt",1974,"FA",57291,4.65
"Gesamt",1974,"AUGE/UG",3382,0.27
"Gesamt",1974,"GLB",29281,2.37
"Gesamt",1979,"Wahlberechtigte",1970025,NA
"Gesamt",1979,"GültigeStimmen",1202876,NA
"Gesamt",1979,"FSG",773669,64.32
"Gesamt",1979,"ÖAAB",372447,30.96
"Gesamt",1979,"FA",38852,3.23
"Gesamt",1979,"AUGE/UG",3716,0.31
"Gesamt",1979,"GLB",13898,1.16
"Gesamt",1984,"Wahlberechtigte",2000547,NA
"Gesamt",1984,"GültigeStimmen",1271847,NA
"Gesamt",1984,"FSG",746127,58.66
"Gesamt",1984,"ÖAAB",464751,36.54
"Gesamt",1984,"FA",31412,2.47
"Gesamt",1984,"AUGE/UG",10555,0.83
"Gesamt",1984,"GLB",17281,1.36
"Gesamt",1989,"Wahlberechtigte",2039176,NA
"Gesamt",1989,"GültigeStimmen",978005,NA
"Gesamt",1989,"FSG",584921,59.81
"Gesamt",1989,"ÖAAB",285005,29.14
"Gesamt",1989,"FA",75346,7.7
"Gesamt",1989,"AUGE/UG",15247,1.56
"Gesamt",1989,"GLB",16695,1.71
"Gesamt",1994,"Wahlberechtigte",2675166,NA
"Gesamt",1994,"AbgegebeneStimmen",830804,NA
"Gesamt",1994,"UngültigeStimmen",46849,NA
"Gesamt",1994,"GültigeStimmen",783955,NA
"Gesamt",1994,"FSG",425937,54.33
"Gesamt",1994,"ÖAAB",20479,26.12
"Gesamt",1994,"FA",112977,14.41
"Gesamt",1994,"AUGE/UG",13806,1.76
"Gesamt",1994,"GLB",8888,1.13
"Gesamt",2000,"Wahlberechtigte",2400520,NA
"Gesamt",2000,"AbgegebeneStimmen",1178480,NA
"Gesamt",2000,"UngültigeStimmen",23307,NA
"Gesamt",2000,"GültigeStimmen",1155173,NA
"Gesamt",2000,"FSG",664574,57.53
"Gesamt",2000,"ÖAAB",302419,26.18
"Gesamt",2000,"FA",112294,9.72
"Gesamt",2000,"AUGE/UG",40661,3.52
"Gesamt",2000,"GLB",9003,0.78
"Gesamt",2004,"Wahlberechtigte",2468509,NA
"Gesamt",2004,"AbgegebeneStimmen",1204488,NA
"Gesamt",2004,"UngültigeStimmen",21768,NA
"Gesamt",2004,"GültigeStimmen",1182720,NA
"Gesamt",2004,"FSG",750016,63.41
"Gesamt",2004,"ÖAAB",28064,23.73
"Gesamt",2004,"FA",57917,4.9
"Gesamt",2004,"AUGE/UG",48937,4.14
"Gesamt",2004,"GLB",9245,0.78
"Gesamt",2009,"Wahlberechtigte",2677273,NA
"Gesamt",2009,"AbgegebeneStimmen",1173433,NA
"Gesamt",2009,"UngültigeStimmen",21765,NA
"Gesamt",2009,"GültigeStimmen",1151668,NA
"Gesamt",2009,"FSG",642746,55.81
"Gesamt",2009,"ÖAAB",287226,24.94
"Gesamt",2009,"FA",100257,8.71
"Gesamt",2009,"AUGE/UG",5392,4.68
"Gesamt",2009,"GLB",9972,0.87
"Gesamt",2014,"Wahlberechtigte",2808862,NA
"Gesamt",2014,"AbgegebeneStimmen",1117028,NA
"Gesamt",2014,"UngültigeStimmen",24846,NA
"Gesamt",2014,"GültigeStimmen",1092182,NA
"Gesamt",2014,"FSG",624314,57.16
"Gesamt",2014,"ÖAAB",229721,21.03
"Gesamt",2014,"FA",105743,9.68
"Gesamt",2014,"AUGE/UG",6559,6.01
"Gesamt",2014,"GLB",1475,1.35
"Gesamt",2019,"Wahlberechtigte",3066270,NA
"Gesamt",2019,"AbgegebeneStimmen",1185238,NA
"Gesamt",2019,"UngültigeStimmen",19998,NA
"Gesamt",2019,"GültigeStimmen",1165240,NA
"Gesamt",2019,"FSG",704742,60.48
"Gesamt",2019,"ÖAAB",216236,18.56
"Gesamt",2019,"FA",117335,10.07
"Gesamt",2019,"AUGE/UG",633,5.43
"Gesamt",2019,"GLB",17644,1.51
"Burgenland",1949,"Wahlbeteiligung",NA,86.34
"Burgenland",1954,"Wahlbeteiligung",NA,81.72
"Burgenland",1959,"Wahlbeteiligung",NA,79.65
"Burgenland",1964,"Wahlbeteiligung",NA,83.09
"Burgenland",1969,"Wahlbeteiligung",NA,80.67
"Burgenland",1974,"Wahlbeteiligung",NA,83.28
"Burgenland",1979,"Wahlbeteiligung",NA,78.21
"Burgenland",1984,"Wahlbeteiligung",NA,80.04
"Burgenland",1989,"Wahlbeteiligung",NA,69.5
"Burgenland",1994,"Wahlbeteiligung",NA,47.13
"Burgenland",2000,"Wahlbeteiligung",NA,52.89
"Burgenland",2004,"Wahlbeteiligung",NA,57.55
"Burgenland",2009,"Wahlbeteiligung",NA,50.07
"Burgenland",2014,"Wahlbeteiligung",NA,44.36
"Burgenland",2019,"Wahlbeteiligung",NA,42.16
"Kärnten",1949,"Wahlbeteiligung",NA,73.53
"Kärnten",1954,"Wahlbeteiligung",NA,64.6
"Kärnten",1959,"Wahlbeteiligung",NA,58.32
"Kärnten",1964,"Wahlbeteiligung",NA,63
"Kärnten",1969,"Wahlbeteiligung",NA,66.1
"Kärnten",1974,"Wahlbeteiligung",NA,65.43
"Kärnten",1979,"Wahlbeteiligung",NA,63.29
"Kärnten",1984,"Wahlbeteiligung",NA,65.12
"Kärnten",1989,"Wahlbeteiligung",NA,56.46
"Kärnten",1994,"Wahlbeteiligung",NA,34.01
"Kärnten",2000,"Wahlbeteiligung",NA,49.92
"Kärnten",2004,"Wahlbeteiligung",NA,51.48
"Kärnten",2009,"Wahlbeteiligung",NA,44.36
"Kärnten",2014,"Wahlbeteiligung",NA,40.83
"Kärnten",2019,"Wahlbeteiligung",NA,38.8
"Niederösterreich",1949,"Wahlbeteiligung",NA,83.48
"Niederösterreich",1954,"Wahlbeteiligung",NA,81.43
"Niederösterreich",1959,"Wahlbeteiligung",NA,72.84
"Niederösterreich",1964,"Wahlbeteiligung",NA,75.01
"Niederösterreich",1969,"Wahlbeteiligung",NA,73.05
"Niederösterreich",1974,"Wahlbeteiligung",NA,73.72
"Niederösterreich",1979,"Wahlbeteiligung",NA,69.77
"Niederösterreich",1984,"Wahlbeteiligung",NA,70.7
"Niederösterreich",1989,"Wahlbeteiligung",NA,53.83
"Niederösterreich",1994,"Wahlbeteiligung",NA,33.5
"Niederösterreich",2000,"Wahlbeteiligung",NA,50.76
"Niederösterreich",2004,"Wahlbeteiligung",NA,54.65
"Niederösterreich",2009,"Wahlbeteiligung",NA,47.56
"Niederösterreich",2014,"Wahlbeteiligung",NA,40.91
"Niederösterreich",2019,"Wahlbeteiligung",NA,38.03
"Oberösterreich",1949,"Wahlbeteiligung",NA,79.84
"Oberösterreich",1954,"Wahlbeteiligung",NA,78.62
"Oberösterreich",1959,"Wahlbeteiligung",NA,73.02
"Oberösterreich",1964,"Wahlbeteiligung",NA,71.7
"Oberösterreich",1969,"Wahlbeteiligung",NA,68.04
"Oberösterreich",1974,"Wahlbeteiligung",NA,67.98
"Oberösterreich",1979,"Wahlbeteiligung",NA,65.91
"Oberösterreich",1984,"Wahlbeteiligung",NA,68.5
"Oberösterreich",1989,"Wahlbeteiligung",NA,53.33
"Oberösterreich",1994,"Wahlbeteiligung",NA,34.59
"Oberösterreich",2000,"Wahlbeteiligung",NA,51.95
"Oberösterreich",2004,"Wahlbeteiligung",NA,49.92
"Oberösterreich",2009,"Wahlbeteiligung",NA,44.11
"Oberösterreich",2014,"Wahlbeteiligung",NA,42.26
"Oberösterreich",2019,"Wahlbeteiligung",NA,41
"Salzburg",1949,"Wahlbeteiligung",NA,67.54
"Salzburg",1954,"Wahlbeteiligung",NA,59.06
"Salzburg",1959,"Wahlbeteiligung",NA,63.95
"Salzburg",1964,"Wahlbeteiligung",NA,62.29
"Salzburg",1969,"Wahlbeteiligung",NA,59.92
"Salzburg",1974,"Wahlbeteiligung",NA,57.3
"Salzburg",1979,"Wahlbeteiligung",NA,52.59
"Salzburg",1984,"Wahlbeteiligung",NA,59.63
"Salzburg",1989,"Wahlbeteiligung",NA,42.86
"Salzburg",1994,"Wahlbeteiligung",NA,31.3
"Salzburg",2000,"Wahlbeteiligung",NA,45.32
"Salzburg",2004,"Wahlbeteiligung",NA,40.31
"Salzburg",2009,"Wahlbeteiligung",NA,38.13
"Salzburg",2014,"Wahlbeteiligung",NA,35.14
"Salzburg",2019,"Wahlbeteiligung",NA,33.87
"Steiermark",1949,"Wahlbeteiligung",NA,80.56
"Steiermark",1954,"Wahlbeteiligung",NA,74.8
"Steiermark",1959,"Wahlbeteiligung",NA,69.48
"Steiermark",1964,"Wahlbeteiligung",NA,65.69
"Steiermark",1969,"Wahlbeteiligung",NA,62.25
"Steiermark",1974,"Wahlbeteiligung",NA,66.53
"Steiermark",1979,"Wahlbeteiligung",NA,60.58
"Steiermark",1984,"Wahlbeteiligung",NA,62.63
"Steiermark",1989,"Wahlbeteiligung",NA,47.1
"Steiermark",1994,"Wahlbeteiligung",NA,29.52
"Steiermark",2000,"Wahlbeteiligung",NA,43.52
"Steiermark",2004,"Wahlbeteiligung",NA,43.22
"Steiermark",2009,"Wahlbeteiligung",NA,39.97
"Steiermark",2014,"Wahlbeteiligung",NA,38.33
"Steiermark",2019,"Wahlbeteiligung",NA,35.37
"Tirol",1949,"Wahlbeteiligung",NA,69.24
"Tirol",1954,"Wahlbeteiligung",NA,58.49
"Tirol",1959,"Wahlbeteiligung",NA,51.57
"Tirol",1964,"Wahlbeteiligung",NA,52.81
"Tirol",1969,"Wahlbeteiligung",NA,46.95
"Tirol",1974,"Wahlbeteiligung",NA,54.33
"Tirol",1979,"Wahlbeteiligung",NA,58.58
"Tirol",1984,"Wahlbeteiligung",NA,68.29
"Tirol",1989,"Wahlbeteiligung",NA,42.98
"Tirol",1994,"Wahlbeteiligung",NA,26.68
"Tirol",2000,"Wahlbeteiligung",NA,59.72
"Tirol",2004,"Wahlbeteiligung",NA,55.07
"Tirol",2009,"Wahlbeteiligung",NA,52.95
"Tirol",2014,"Wahlbeteiligung",NA,41.37
"Tirol",2019,"Wahlbeteiligung",NA,33.64
"Vorarlberg",1949,"Wahlbeteiligung",NA,68.31
"Vorarlberg",1954,"Wahlbeteiligung",NA,56.06
"Vorarlberg",1959,"Wahlbeteiligung",NA,47.69
"Vorarlberg",1964,"Wahlbeteiligung",NA,60.7
"Vorarlberg",1969,"Wahlbeteiligung",NA,52.89
"Vorarlberg",1974,"Wahlbeteiligung",NA,62.18
"Vorarlberg",1979,"Wahlbeteiligung",NA,60.52
"Vorarlberg",1984,"Wahlbeteiligung",NA,62.37
"Vorarlberg",1989,"Wahlbeteiligung",NA,48.34
"Vorarlberg",1994,"Wahlbeteiligung",NA,28.49
"Vorarlberg",1999,"Wahlbeteiligung",NA,45.39
"Vorarlberg",2004,"Wahlbeteiligung",NA,44.07
"Vorarlberg",2009,"Wahlbeteiligung",NA,41.66
"Vorarlberg",2014,"Wahlbeteiligung",NA,36.39
"Vorarlberg",2019,"Wahlbeteiligung",NA,37.05
"Wien",1949,"Wahlbeteiligung",NA,86.62
"Wien",1954,"Wahlbeteiligung",NA,72.1
"Wien",1959,"Wahlbeteiligung",NA,61.88
"Wien",1964,"Wahlbeteiligung",NA,55
"Wien",1969,"Wahlbeteiligung",NA,57.41
"Wien",1974,"Wahlbeteiligung",NA,59.22
"Wien",1979,"Wahlbeteiligung",NA,54.42
"Wien",1984,"Wahlbeteiligung",NA,54.94
"Wien",1989,"Wahlbeteiligung",NA,40.2
"Wien",1994,"Wahlbeteiligung",NA,27.54
"Wien",2000,"Wahlbeteiligung",NA,46.75
"Wien",2004,"Wahlbeteiligung",NA,46.8
"Wien",2009,"Wahlbeteiligung",NA,41.45
"Wien",2014,"Wahlbeteiligung",NA,38.58
"Wien",2019,"Wahlbeteiligung",NA,42.29
"Gesamt",1949,"Wahlbeteiligung",NA,81.11
"Gesamt",1954,"Wahlbeteiligung",NA,72.5
"Gesamt",1959,"Wahlbeteiligung",NA,65.33
"Gesamt",1964,"Wahlbeteiligung",NA,63.32
"Gesamt",1969,"Wahlbeteiligung",NA,62.37
"Gesamt",1974,"Wahlbeteiligung",NA,64.44
"Gesamt",1979,"Wahlbeteiligung",NA,61.06
"Gesamt",1984,"Wahlbeteiligung",NA,63.57
"Gesamt",1989,"Wahlbeteiligung",NA,47.96
"Gesamt",1994,"Wahlbeteiligung",NA,31.06
"Gesamt",2000,"Wahlbeteiligung",NA,49.09
"Gesamt",2004,"Wahlbeteiligung",NA,48.79
"Gesamt",2009,"Wahlbeteiligung",NA,43.83
"Gesamt",2014,"Wahlbeteiligung",NA,39.77
"Gesamt",2019,"Wahlbeteiligung",NA,38.65
"Kärnten",1954,"Sonstige_gesamt",3107,6.23
"Kärnten",1954,"Neutrale/Parteifreie",3107,6.23
"Kärnten",1959,"Sonstige_gesamt",1955,3.5
"Kärnten",1959,"Neutrale/Parteifreie",1955,3.5
"Kärnten",1964,"Sonstige_gesamt",1792,3.05
"Kärnten",1964,"Neutrale/Parteifreie",1792,3.05
"Kärnten",1969,"Sonstige_gesamt",849,1.3
"Kärnten",1969,"Neutrale/Parteifreie",849,1.3
"Kärnten",1984,"Sonstige_gesamt",1721,2.14
"Kärnten",1984,"Kärntner_Solidarität",808,1.01
"Kärnten",1984,"Neutrale/Parteifreie",913,1.14
"Kärnten",1994,"Sonstige_gesamt",2018,3.77
"Kärnten",1994,"Neutrale/Parteifreie",2018,3.77
"Kärnten",2009,"Sonstige_gesamt",1361,20.04
"Kärnten",2009,"BZÖ",1361,20.04
"Kärnten",2014,"Sonstige_gesamt",2528,3.96
"Kärnten",2014,"BZÖ",2528,3.96
"Niederösterreich",1954,"Sonstige_gesamt",848,0.54
"Niederösterreich",1954,"Neutrale/Parteifreie",848,0.54
"Niederösterreich",1959,"Sonstige_gesamt",1108,0.66
"Niederösterreich",1959,"Neutrale/Parteifreie",1108,0.66
"Niederösterreich",1994,"Sonstige_gesamt",2659,1.97
"Niederösterreich",1994,"DFA",1803,1.34
"Niederösterreich",1994,"Neutrale/Parteifreie",856,0.64
"Niederösterreich",2000,"Sonstige_gesamt",2964,1.57
"Niederösterreich",2000,"BMNÖ/Bündnis_Mosaik",1514,0.8
"Niederösterreich",2000,"Neutrale/Parteifreie",145,0.77
"Niederösterreich",2004,"Sonstige_gesamt",8608,4.11
"Niederösterreich",2004,"BMNÖ/Bündnis_Mosaik",2339,1.12
"Niederösterreich",2004,"Neutrale/Parteifreie",6269,2.99
"Niederösterreich",2009,"Sonstige_gesamt",9564,4.87
"Niederösterreich",2009,"GGN",355,1.81
"Niederösterreich",2009,"BMNÖ/Bündnis_Mosaik",2985,1.52
"Niederösterreich",2009,"Neutrale/Parteifreie",3029,1.54
"Niederösterreich",2014,"Sonstige_gesamt",8532,4.97
"Niederösterreich",2014,"GGN",3899,2.27
"Niederösterreich",2014,"Komintern",1514,0.88
"Niederösterreich",2014,"BMNÖ/Bündnis_Mosaik",1239,0.72
"Niederösterreich",2014,"Liste_Perspektive",188,1.09
"Niederösterreich",2019,"Sonstige_gesamt",5644,3.1
"Niederösterreich",2019,"GGN",1981,1.09
"Niederösterreich",2019,"Komintern",1165,0.64
"Niederösterreich",2019,"Liste_Perspektive",2498,1.37
"Oberösterreich",1954,"Sonstige_gesamt",4239,2.93
"Oberösterreich",1954,"Neutrale/Parteifreie",4239,2.93
"Oberösterreich",1959,"Sonstige_gesamt",5028,3.2
"Oberösterreich",1959,"Neutrale/Parteifreie",5028,3.2
"Oberösterreich",1964,"Sonstige_gesamt",4092,2.33
"Oberösterreich",1964,"Neutrale/Parteifreie",4092,2.33
"Oberösterreich",1969,"Sonstige_gesamt",2062,1.19
"Oberösterreich",1969,"Neutrale/Parteifreie",2062,1.19
"Oberösterreich",1974,"Sonstige_gesamt",1584,0.75
"Oberösterreich",1974,"Neutrale/Parteifreie",1584,0.75
"Oberösterreich",2000,"Sonstige_gesamt",719,0.34
"Oberösterreich",2000,"BMNÖ/Bündnis_Mosaik",719,0.34
"Oberösterreich",2004,"Sonstige_gesamt",112,0.53
"Oberösterreich",2004,"BMNÖ/Bündnis_Mosaik",112,0.53
"Oberösterreich",2009,"Sonstige_gesamt",1339,0.63
"Oberösterreich",2009,"BMNÖ/Bündnis_Mosaik",1339,0.63
"Oberösterreich",2014,"Sonstige_gesamt",2152,1.02
"Oberösterreich",2014,"Liste_Perspektive",2152,1.02
"Salzburg",1954,"Sonstige_gesamt",3779,9.33
"Salzburg",1954,"Neutrale/Parteifreie",3779,9.33
"Salzburg",1959,"Sonstige_gesamt",904,1.92
"Salzburg",1959,"Neutrale/Parteifreie",904,1.92
"Salzburg",1964,"Sonstige_gesamt",385,0.72
"Salzburg",1964,"Neutrale/Parteifreie",385,0.72
"Salzburg",1994,"Sonstige_gesamt",363,0.68
"Salzburg",1994,"Soli",363,0.68
"Salzburg",2000,"Sonstige_gesamt",1118,1.54
"Salzburg",2000,"BMNÖ/Bündnis_Mosaik",1118,1.54
"Salzburg",2004,"Sonstige_gesamt",1722,2.5
"Salzburg",2004,"BMNÖ/Bündnis_Mosaik",750,1.09
"Salzburg",2004,"Neutrale/Parteifreie",972,1.41
"Salzburg",2009,"Sonstige_gesamt",1122,1.57
"Salzburg",2009,"BMNÖ/Bündnis_Mosaik",1122,1.57
"Steiermark",1954,"Sonstige_gesamt",3437,2.49
"Steiermark",1954,"Neutrale/Parteifreie",3437,2.49
"Steiermark",1959,"Sonstige_gesamt",3006,2.04
"Steiermark",1959,"Neutrale/Parteifreie",3006,2.04
"Steiermark",1964,"Sonstige_gesamt",1727,1.13
"Steiermark",1964,"Neutrale/Parteifreie",1727,1.13
"Steiermark",2004,"Sonstige_gesamt",400,0.28
"Steiermark",2004,"BMNÖ/Bündnis_Mosaik",400,0.28
"Steiermark",2009,"Sonstige_gesamt",138,0.97
"Steiermark",2009,"Liste_Kaltenbeck",890,0.62
"Steiermark",2009,"BMNÖ/Bündnis_Mosaik",490,0.34
"Steiermark",2014,"Sonstige_gesamt",1275,0.9
"Steiermark",2014,"Liste_Kaltenbeck",1275,0.9
"Steiermark",2019,"Sonstige_gesamt",1049,0.7
"Steiermark",2019,"Liste_Kaltenbeck",1049,0.7
"Tirol",1954,"Sonstige_gesamt",4518,10.14
"Tirol",1954,"Neutrale/Parteifreie",4518,10.14
"Tirol",1959,"Sonstige_gesamt",2922,6.45
"Tirol",1959,"Neutrale/Parteifreie",2922,6.45
"Tirol",1964,"Sonstige_gesamt",2385,4.34
"Tirol",1964,"Neutrale/Parteifreie",2385,4.34
"Tirol",1969,"Sonstige_gesamt",1604,3.02
"Tirol",1969,"Neutrale/Parteifreie",1604,3.02
"Tirol",1994,"Sonstige_gesamt",2953,5.3
"Tirol",1994,"Neutrale/Parteifreie",2953,5.3
"Tirol",2000,"Sonstige_gesamt",3293,2.86
"Tirol",2000,"Soli-Tirol",3293,2.86
"Tirol",2004,"Sonstige_gesamt",4183,3.7
"Tirol",2004,"Soli-Tirol",4183,3.7
"Tirol",2009,"Sonstige_gesamt",4242,3.72
"Tirol",2009,"Soli-Tirol",2245,1.97
"Tirol",2009,"Neutrale/Parteifreie",853,0.75
"Tirol",2009,"NBZ",1144,1
"Tirol",2014,"Sonstige_gesamt",3293,3.3
"Tirol",2014,"Soli-Tirol",1122,1.12
"Tirol",2014,"Komintern",1243,1.24
"Tirol",2014,"Liste_Perspektive",928,0.93
"Tirol",2019,"Sonstige_gesamt",1663,1.89
"Tirol",2019,"Soli-Tirol",728,0.83
"Tirol",2019,"Komintern",935,1.06
"Vorarlberg",1954,"Sonstige_gesamt",1458,5.94
"Vorarlberg",1954,"Neutrale/Parteifreie",1458,5.94
"Vorarlberg",1959,"Sonstige_gesamt",716,2.86
"Vorarlberg",1959,"Neutrale/Parteifreie",716,2.86
"Vorarlberg",1964,"Sonstige_gesamt",496,1.44
"Vorarlberg",1964,"Neutrale/Parteifreie",496,1.44
"Vorarlberg",1969,"Sonstige_gesamt",639,1.97
"Vorarlberg",1969,"Neutrale/Parteifreie",639,1.97
"Vorarlberg",1994,"Sonstige_gesamt",1441,4.41
"Vorarlberg",1994,"Liste_Gemeinsam",1441,4.41
"Vorarlberg",1999,"Sonstige_gesamt",4793,10.55
"Vorarlberg",1999,"Liste_Gemeinsam",1535,3.38
"Vorarlberg",2004,"Sonstige_gesamt",5508,12.02
"Vorarlberg",2004,"Liste_Gemeinsam",2455,5.36
"Vorarlberg",2009,"Sonstige_gesamt",2874,6.08
"Vorarlberg",2014,"Sonstige_gesamt",2383,5.48
"Vorarlberg",2019,"Sonstige_gesamt",3864,7.89
"Vorarlberg",2019,"HAK",2975,6.07
"Wien",1954,"Sonstige_gesamt",697,2.1
"Wien",1954,"Neutrale/Parteifreie",697,2.1
"Wien",1959,"Sonstige_gesamt",10587,3.4
"Wien",1959,"Neutrale/Parteifreie",10587,3.4
"Wien",1964,"Sonstige_gesamt",9347,3
"Wien",1964,"Neutrale/Parteifreie",9347,3
"Wien",1969,"Sonstige_gesamt",4483,1.51
"Wien",1969,"Neutrale/Parteifreie",4483,1.51
"Wien",1974,"Sonstige_gesamt",869,0.27
"Wien",1974,"Neutrale/Parteifreie",869,0.27
"Wien",1979,"Sonstige_gesamt",294,0.1
"Wien",1979,"Neutrale/Parteifreie",294,0.1
"Wien",1989,"Sonstige_gesamt",791,0.38
"Wien",1989,"Neutrale/Parteifreie",791,0.38
"Wien",1994,"Sonstige_gesamt",8123,4.56
"Wien",1994,"Grüne_Arbeitnehmer",454,2.55
"Wien",1994,"BDFA",3583,2.01
"Wien",2000,"Sonstige_gesamt",13335,4.76
"Wien",2000,"BMNÖ/Bündnis_Mosaik",3314,1.18
"Wien",2000,"Neutrale/Parteifreie",1303,0.46
"Wien",2000,"Grüne_Arbeitnehmer",679,2.42
"Wien",2000,"BDFA",1928,0.69
"Wien",2004,"Sonstige_gesamt",14424,5.17
"Wien",2004,"BMNÖ/Bündnis_Mosaik",4946,1.77
"Wien",2004,"Grüne_Arbeitnehmer",6753,2.42
"Wien",2004,"BDFA",2725,0.98
"Wien",2009,"Sonstige_gesamt",23416,8.92
"Wien",2009,"Komintern",191,0.73
"Wien",2009,"BMNÖ/Bündnis_Mosaik",2288,0.87
"Wien",2009,"Neutrale/Parteifreie",1308,0.5
"Wien",2009,"Liste_Perspektive",4516,1.72
"Wien",2009,"Grüne_Arbeitnehmer",9384,3.57
"Wien",2009,"BDFA",1872,0.71
"Wien",2009,"Türkis",2138,0.81
"Wien",2014,"Sonstige_gesamt",31901,12.46
"Wien",2014,"Komintern",2495,0.97
"Wien",2014,"BMNÖ/Bündnis_Mosaik",1209,0.47
"Wien",2014,"Liste_Perspektive",6129,2.39
"Wien",2014,"Grüne_Arbeitnehmer",12002,4.69
"Wien",2014,"BDFA",2058,0.8
"Wien",2014,"Türkis",2683,1.05
"Wien",2014,"Arge",5325,2.08
"Wien",2019,"Sonstige_gesamt",33763,11.18
"Wien",2019,"Komintern",299,0.99
"Wien",2019,"Liste_Perspektive",5741,1.9
"Wien",2019,"Grüne_Arbeitnehmer",9667,3.2
"Wien",2019,"BDFA",1911,0.63
"Wien",2019,"Türkis",344,1.14
"Wien",2019,"Arge",4433,1.47
"Wien",2019,"Team_Brandl",866,0.29
"Wien",2019,"Fair",4715,1.56
"Gesamt",1954,"Sonstige_gesamt",28356,2.98
"Gesamt",1959,"Sonstige_gesamt",26226,2.68
"Gesamt",1964,"Sonstige_gesamt",20224,1.92
"Gesamt",1969,"Sonstige_gesamt",9637,0.93
"Gesamt",1974,"Sonstige_gesamt",2453,0.2
"Gesamt",1979,"Sonstige_gesamt",294,0.02
"Gesamt",1984,"Sonstige_gesamt",1721,0.14
"Gesamt",1989,"Sonstige_gesamt",791,0.08
"Gesamt",1994,"Sonstige_gesamt",17557,2.24
"Gesamt",2000,"Sonstige_gesamt",26222,2.27
"Gesamt",2004,"Sonstige_gesamt",35965,3.04
"Gesamt",2009,"Sonstige_gesamt",57547,5
"Gesamt",2014,"Sonstige_gesamt",52064,4.77
"Gesamt",2019,"Sonstige_gesamt",45983,3.95
"Vorarlberg",1999,"NBZ",3258,7.17
"Vorarlberg",2004,"NBZ",3053,6.66
"Vorarlberg",2009,"NBZ",2874,6.08
"Vorarlberg",2014,"NBZ",2383,5.48
"Vorarlberg",2019,"NBZ",889,1.81
